--------------------------------------------------------
-- Archivo creado  - sábado-noviembre-18-2017   
--------------------------------------------------------
DROP VIEW "DAVG1"."FACTURA_OPCIONES";
DROP VIEW "DAVG1"."PRODUCTOS_BAJO_STOCK";
DROP TABLE "DAVG1"."CLIENTES";
DROP TABLE "DAVG1"."FABRICANTES";
DROP TABLE "DAVG1"."FACTURAS";
DROP TABLE "DAVG1"."MODELOS";
DROP TABLE "DAVG1"."OPCIONES";
DROP TABLE "DAVG1"."OPCIONES_VENTAS";
DROP TABLE "DAVG1"."VEHICULOS";
DROP TABLE "DAVG1"."VENDEDORES";
DROP SEQUENCE "DAVG1"."CLIENTES_SEQ";
DROP SEQUENCE "DAVG1"."FABRICANTES_SEQ";
DROP SEQUENCE "DAVG1"."FACTURAS_SEQ";
DROP SEQUENCE "DAVG1"."MODELOS_SEQ";
DROP SEQUENCE "DAVG1"."OPCIONES_SEQ";
DROP SEQUENCE "DAVG1"."OPCIONES_VENTAS_SEQ";
DROP SEQUENCE "DAVG1"."VEHICULOS_SEQ";
DROP SEQUENCE "DAVG1"."VENDEDORES_SEQ";
DROP PROCEDURE "DAVG1"."REORDER_UNITS";
--------------------------------------------------------
--  DDL for View FACTURA_OPCIONES
--------------------------------------------------------

  CREATE OR REPLACE FORCE VIEW "DAVG1"."FACTURA_OPCIONES" ("ID_FACTURA", "VENDEDOR_ID", "NOMBRE_VENDEDOR", "CLIENTE_ID", "NOMBRE_CLIENTE", "VEHICULO_ID", "NOMBRE_MODELO", "NOMBRE_FABRICANTE", "OPCION_ID", "DESCRIPCION") AS 
  SELECT FACTURAS.ID_FACTURA, FACTURAS.VENDEDOR_ID, (VENDEDORES.NOMBRE || ' ' || VENDEDORES.APELLIDO) AS NOMBRE_VENDEDOR, 
        FACTURAS.CLIENTE_ID, (CLIENTES.NOMBRE || ' ' || CLIENTES.APELLIDO) AS NOMBRE_CLIENTE,        
        FACTURAS.VEHICULO_ID, MODELOS.NOMBRE_MODELO, FABRICANTES.NOMBRE_FABRICANTE, OPCIONES_VENTAS.OPCION_ID, OPCIONES.DESCRIPCION
    FROM FACTURAS
    INNER JOIN VENDEDORES ON FACTURAS.VENDEDOR_ID = VENDEDORES.ID_VENDEDOR
    INNER JOIN CLIENTES ON FACTURAS.CLIENTE_ID = CLIENTES.ID_CLIENTE
    INNER JOIN VEHICULOS ON FACTURAS.VEHICULO_ID = VEHICULOS.VIN
        INNER JOIN MODELOS ON VEHICULOS.MODELO_ID = MODELOS.ID_MODELO AND FACTURAS.VEHICULO_ID = VEHICULOS.VIN
        INNER JOIN FABRICANTES ON VEHICULOS.FABRICANTE_ID = FABRICANTES.ID_FABRICANTE AND FACTURAS.VEHICULO_ID = VEHICULOS.VIN
    LEFT JOIN OPCIONES_VENTAS ON FACTURAS.ID_FACTURA = OPCIONES_VENTAS.FACTURA_ID
        LEFT JOIN OPCIONES ON OPCIONES_VENTAS.OPCION_ID = OPCIONES.ID_OPCION AND OPCIONES_VENTAS.FACTURA_ID = FACTURAS.ID_FACTURA
     ORDER BY FACTURAS.ID_FACTURA
;
--------------------------------------------------------
--  DDL for View PRODUCTOS_BAJO_STOCK
--------------------------------------------------------

  CREATE OR REPLACE FORCE VIEW "DAVG1"."PRODUCTOS_BAJO_STOCK" ("ID_OPCION", "DESCRIPCION", "ID_FABRICANTE", "NOMBRE_FABRICANTE") AS 
  SELECT OPCIONES.ID_OPCION, OPCIONES.DESCRIPCION, FABRICANTES.ID_FABRICANTE, FABRICANTES.NOMBRE_FABRICANTE
    FROM OPCIONES
    INNER JOIN FABRICANTES ON OPCIONES.FABRICANTE_ID = FABRICANTES.ID_FABRICANTE
    WHERE OPCIONES.UNIDADES_DISPONIBLES < 5
;
--------------------------------------------------------
--  DDL for Table CLIENTES
--------------------------------------------------------

  CREATE TABLE "DAVG1"."CLIENTES" 
   (	"ID_CLIENTE" NUMBER, 
	"NOMBRE" VARCHAR2(50 BYTE), 
	"APELLIDO" VARCHAR2(50 BYTE), 
	"DIRECCION" VARCHAR2(50 BYTE), 
	"CELULAR" VARCHAR2(50 BYTE)
   ) ;
--------------------------------------------------------
--  DDL for Table FABRICANTES
--------------------------------------------------------

  CREATE TABLE "DAVG1"."FABRICANTES" 
   (	"ID_FABRICANTE" NUMBER, 
	"NOMBRE_FABRICANTE" VARCHAR2(50 BYTE)
   ) ;
--------------------------------------------------------
--  DDL for Table FACTURAS
--------------------------------------------------------

  CREATE TABLE "DAVG1"."FACTURAS" 
   (	"ID_FACTURA" NUMBER, 
	"FECHA_FACTURA" DATE, 
	"CLIENTE_ID" NUMBER, 
	"VEHICULO_ID" NUMBER, 
	"VENDEDOR_ID" NUMBER, 
	"PRECIO_VENTA_VEHICULO" NUMBER(20,2), 
	"VALOR_ACEPTADO" NUMBER(20,2), 
	"IMPUESTO" NUMBER(3,0), 
	"LICENCIA_MATRICULA" VARCHAR2(50 BYTE), 
	"OTRAS_CONDICIONES" VARCHAR2(50 BYTE)
   ) ;
--------------------------------------------------------
--  DDL for Table MODELOS
--------------------------------------------------------

  CREATE TABLE "DAVG1"."MODELOS" 
   (	"ID_MODELO" NUMBER, 
	"NOMBRE_MODELO" VARCHAR2(50 BYTE)
   ) ;
--------------------------------------------------------
--  DDL for Table OPCIONES
--------------------------------------------------------

  CREATE TABLE "DAVG1"."OPCIONES" 
   (	"ID_OPCION" NUMBER, 
	"DESCRIPCION" VARCHAR2(60 BYTE), 
	"COSTO_FABRICANTE" NUMBER(20,2), 
	"PRECIO_VENTA_OPC" NUMBER(20,2), 
	"UNIDADES_DISPONIBLES" NUMBER(4,0) DEFAULT 30, 
	"FABRICANTE_ID" NUMBER
   ) ;
--------------------------------------------------------
--  DDL for Table OPCIONES_VENTAS
--------------------------------------------------------

  CREATE TABLE "DAVG1"."OPCIONES_VENTAS" 
   (	"ID_OPCION_VENTA" NUMBER, 
	"FACTURA_ID" NUMBER, 
	"OPCION_ID" NUMBER
   ) ;
--------------------------------------------------------
--  DDL for Table VEHICULOS
--------------------------------------------------------

  CREATE TABLE "DAVG1"."VEHICULOS" 
   (	"VIN" NUMBER, 
	"NOMBRE" VARCHAR2(50 BYTE), 
	"MODELO_ID" NUMBER, 
	"AÑO" CHAR(4 BYTE), 
	"FABRICANTE_ID" NUMBER, 
	"COSTO_COMPRA" NUMBER(20,2), 
	"ESTADO" VARCHAR2(50 BYTE), 
	"FECHA_INGRESO" DATE, 
	"FECHA_SALIDA" DATE
   ) ;
--------------------------------------------------------
--  DDL for Table VENDEDORES
--------------------------------------------------------

  CREATE TABLE "DAVG1"."VENDEDORES" 
   (	"ID_VENDEDOR" NUMBER, 
	"NOMBRE" VARCHAR2(50 BYTE), 
	"APELLIDO" VARCHAR2(50 BYTE), 
	"CELULAR" VARCHAR2(50 BYTE), 
	"DIRECCION" VARCHAR2(50 BYTE)
   ) ;
--------------------------------------------------------
--  DDL for Sequence CLIENTES_SEQ
--------------------------------------------------------

   CREATE SEQUENCE  "DAVG1"."CLIENTES_SEQ"  MINVALUE 1 MAXVALUE 9999999999999999999999999999 INCREMENT BY 1 START WITH 21 NOCACHE  NOORDER  NOCYCLE ;
--------------------------------------------------------
--  DDL for Sequence FABRICANTES_SEQ
--------------------------------------------------------

   CREATE SEQUENCE  "DAVG1"."FABRICANTES_SEQ"  MINVALUE 1 MAXVALUE 9999999999999999999999999999 INCREMENT BY 1 START WITH 30005 NOCACHE  NOORDER  NOCYCLE ;
--------------------------------------------------------
--  DDL for Sequence FACTURAS_SEQ
--------------------------------------------------------

   CREATE SEQUENCE  "DAVG1"."FACTURAS_SEQ"  MINVALUE 1 MAXVALUE 9999999999999999999999999999 INCREMENT BY 1 START WITH 51022 NOCACHE  NOORDER  NOCYCLE ;
--------------------------------------------------------
--  DDL for Sequence MODELOS_SEQ
--------------------------------------------------------

   CREATE SEQUENCE  "DAVG1"."MODELOS_SEQ"  MINVALUE 1 MAXVALUE 9999999999999999999999999999 INCREMENT BY 1 START WITH 404 NOCACHE  NOORDER  NOCYCLE ;
--------------------------------------------------------
--  DDL for Sequence OPCIONES_SEQ
--------------------------------------------------------

   CREATE SEQUENCE  "DAVG1"."OPCIONES_SEQ"  MINVALUE 1 MAXVALUE 9999999999999999999999999999 INCREMENT BY 1 START WITH 805 NOCACHE  NOORDER  NOCYCLE ;
--------------------------------------------------------
--  DDL for Sequence OPCIONES_VENTAS_SEQ
--------------------------------------------------------

   CREATE SEQUENCE  "DAVG1"."OPCIONES_VENTAS_SEQ"  MINVALUE 1 MAXVALUE 9999999999999999999999999999 INCREMENT BY 1 START WITH 708 NOCACHE  NOORDER  NOCYCLE ;
--------------------------------------------------------
--  DDL for Sequence VEHICULOS_SEQ
--------------------------------------------------------

   CREATE SEQUENCE  "DAVG1"."VEHICULOS_SEQ"  MINVALUE 1 MAXVALUE 9999999999999999999999999999 INCREMENT BY 1 START WITH 20050 NOCACHE  NOORDER  NOCYCLE ;
--------------------------------------------------------
--  DDL for Sequence VENDEDORES_SEQ
--------------------------------------------------------

   CREATE SEQUENCE  "DAVG1"."VENDEDORES_SEQ"  MINVALUE 1 MAXVALUE 9999999999999999999999999999 INCREMENT BY 1 START WITH 111 NOCACHE  NOORDER  NOCYCLE ;
REM INSERTING into DAVG1.CLIENTES
SET DEFINE OFF;
Insert into DAVG1.CLIENTES (ID_CLIENTE,NOMBRE,APELLIDO,DIRECCION,CELULAR) values ('1','Kevyn','Vasquez','Apartado núm.: 770, 7437 Arcu Avenida','(447) 170-3951');
Insert into DAVG1.CLIENTES (ID_CLIENTE,NOMBRE,APELLIDO,DIRECCION,CELULAR) values ('2','Mikayla','Brady','Apdo.:165-3639 Malesuada Ctra.','(401) 748-9907');
Insert into DAVG1.CLIENTES (ID_CLIENTE,NOMBRE,APELLIDO,DIRECCION,CELULAR) values ('3','Rudyard','Chan','Apdo.:128-4989 Condimentum ','(543) 619-1488');
Insert into DAVG1.CLIENTES (ID_CLIENTE,NOMBRE,APELLIDO,DIRECCION,CELULAR) values ('4','Kylan','Sheppard','Apartado núm.: 428, 3469 Ut C.','(345) 979-2079');
Insert into DAVG1.CLIENTES (ID_CLIENTE,NOMBRE,APELLIDO,DIRECCION,CELULAR) values ('5','Cadman','Shannon','Apdo.:589-5534 Id Calle','(923) 118-6996');
Insert into DAVG1.CLIENTES (ID_CLIENTE,NOMBRE,APELLIDO,DIRECCION,CELULAR) values ('6','Germaine','Oneal','977-2486 Interdum. Av.','(994) 282-7710');
Insert into DAVG1.CLIENTES (ID_CLIENTE,NOMBRE,APELLIDO,DIRECCION,CELULAR) values ('7','Yen','Daugherty','3070 Lorem Av.','(830) 537-0206');
Insert into DAVG1.CLIENTES (ID_CLIENTE,NOMBRE,APELLIDO,DIRECCION,CELULAR) values ('8','Neve','Howell','Apdo.:537-3363 Pharetra. C.','(897) 432-2091');
Insert into DAVG1.CLIENTES (ID_CLIENTE,NOMBRE,APELLIDO,DIRECCION,CELULAR) values ('9','Graiden','Wallace','Apartado núm.: 257, 7738 Nec C/','(700) 193-9772');
Insert into DAVG1.CLIENTES (ID_CLIENTE,NOMBRE,APELLIDO,DIRECCION,CELULAR) values ('10','Rogan','Jennings','Apartado núm.: 724, 2044 Dapibus Ctra.','(755) 688-5611');
Insert into DAVG1.CLIENTES (ID_CLIENTE,NOMBRE,APELLIDO,DIRECCION,CELULAR) values ('11','Larissa','Orr','6647 Fermentum Calle','(689) 589-2128');
Insert into DAVG1.CLIENTES (ID_CLIENTE,NOMBRE,APELLIDO,DIRECCION,CELULAR) values ('12','Meredith','Carey','Apartado núm.: 924, 3296 Posuere C.','(836) 368-4989');
Insert into DAVG1.CLIENTES (ID_CLIENTE,NOMBRE,APELLIDO,DIRECCION,CELULAR) values ('13','Ori','Benton','375-5638 Magna. ','(783) 359-7529');
Insert into DAVG1.CLIENTES (ID_CLIENTE,NOMBRE,APELLIDO,DIRECCION,CELULAR) values ('14','Chantale','Vasquez','Apdo.:762-6903 Litora Avda.','(582) 102-5020');
Insert into DAVG1.CLIENTES (ID_CLIENTE,NOMBRE,APELLIDO,DIRECCION,CELULAR) values ('15','Quinn','Shepard','Apartado núm.: 226, 320 Tempor Calle','(269) 500-6302');
Insert into DAVG1.CLIENTES (ID_CLIENTE,NOMBRE,APELLIDO,DIRECCION,CELULAR) values ('16','Kiara','Dunlap','732-9449 Varius Avda.','(759) 958-1357');
Insert into DAVG1.CLIENTES (ID_CLIENTE,NOMBRE,APELLIDO,DIRECCION,CELULAR) values ('17','Phoebe','Espinoza','3386 Rutrum C.','(596) 671-2312');
Insert into DAVG1.CLIENTES (ID_CLIENTE,NOMBRE,APELLIDO,DIRECCION,CELULAR) values ('18','Tyler','Ramsey','468-6458 Tempor, C/','(523) 981-9429');
Insert into DAVG1.CLIENTES (ID_CLIENTE,NOMBRE,APELLIDO,DIRECCION,CELULAR) values ('19','Amaya','Mcdaniel','Apdo.:727-5022 Et Calle','(959) 760-7384');
Insert into DAVG1.CLIENTES (ID_CLIENTE,NOMBRE,APELLIDO,DIRECCION,CELULAR) values ('20','Amanda','Stone','Apartado núm.: 972, 1551 Magna Calle','(247) 402-4299');
REM INSERTING into DAVG1.FABRICANTES
SET DEFINE OFF;
Insert into DAVG1.FABRICANTES (ID_FABRICANTE,NOMBRE_FABRICANTE) values ('30000','RENAULT');
Insert into DAVG1.FABRICANTES (ID_FABRICANTE,NOMBRE_FABRICANTE) values ('30001','MAZDA');
Insert into DAVG1.FABRICANTES (ID_FABRICANTE,NOMBRE_FABRICANTE) values ('30002','CHEVROLET');
Insert into DAVG1.FABRICANTES (ID_FABRICANTE,NOMBRE_FABRICANTE) values ('30003','TOYOTA');
Insert into DAVG1.FABRICANTES (ID_FABRICANTE,NOMBRE_FABRICANTE) values ('30004','BMW');
REM INSERTING into DAVG1.FACTURAS
SET DEFINE OFF;
Insert into DAVG1.FACTURAS (ID_FACTURA,FECHA_FACTURA,CLIENTE_ID,VEHICULO_ID,VENDEDOR_ID,PRECIO_VENTA_VEHICULO,VALOR_ACEPTADO,IMPUESTO,LICENCIA_MATRICULA,OTRAS_CONDICIONES) values ('51000',to_date('03/06/17','DD/MM/RR'),'10','20002','100','40456','456','5','1234','NINGUNA');
Insert into DAVG1.FACTURAS (ID_FACTURA,FECHA_FACTURA,CLIENTE_ID,VEHICULO_ID,VENDEDOR_ID,PRECIO_VENTA_VEHICULO,VALOR_ACEPTADO,IMPUESTO,LICENCIA_MATRICULA,OTRAS_CONDICIONES) values ('51001',to_date('03/06/17','DD/MM/RR'),'11','20003','101','60456','5456','5','1235','NINGUNA');
Insert into DAVG1.FACTURAS (ID_FACTURA,FECHA_FACTURA,CLIENTE_ID,VEHICULO_ID,VENDEDOR_ID,PRECIO_VENTA_VEHICULO,VALOR_ACEPTADO,IMPUESTO,LICENCIA_MATRICULA,OTRAS_CONDICIONES) values ('51002',to_date('03/06/17','DD/MM/RR'),'12','20004','102','50456','40456','5','1236','NINGUNA');
Insert into DAVG1.FACTURAS (ID_FACTURA,FECHA_FACTURA,CLIENTE_ID,VEHICULO_ID,VENDEDOR_ID,PRECIO_VENTA_VEHICULO,VALOR_ACEPTADO,IMPUESTO,LICENCIA_MATRICULA,OTRAS_CONDICIONES) values ('51003',to_date('03/06/17','DD/MM/RR'),'13','20005','103','70456','7456','5','1237','NINGUNA');
Insert into DAVG1.FACTURAS (ID_FACTURA,FECHA_FACTURA,CLIENTE_ID,VEHICULO_ID,VENDEDOR_ID,PRECIO_VENTA_VEHICULO,VALOR_ACEPTADO,IMPUESTO,LICENCIA_MATRICULA,OTRAS_CONDICIONES) values ('51004',to_date('03/06/17','DD/MM/RR'),'14','20006','104','80456','40456','5','1238','NINGUNA');
Insert into DAVG1.FACTURAS (ID_FACTURA,FECHA_FACTURA,CLIENTE_ID,VEHICULO_ID,VENDEDOR_ID,PRECIO_VENTA_VEHICULO,VALOR_ACEPTADO,IMPUESTO,LICENCIA_MATRICULA,OTRAS_CONDICIONES) values ('51005',to_date('03/06/17','DD/MM/RR'),'15','20007','105','90456','75456','5','1239','NINGUNA');
Insert into DAVG1.FACTURAS (ID_FACTURA,FECHA_FACTURA,CLIENTE_ID,VEHICULO_ID,VENDEDOR_ID,PRECIO_VENTA_VEHICULO,VALOR_ACEPTADO,IMPUESTO,LICENCIA_MATRICULA,OTRAS_CONDICIONES) values ('51006',to_date('03/06/17','DD/MM/RR'),'16','20008','106','30456','456','5','1211','NINGUNA');
Insert into DAVG1.FACTURAS (ID_FACTURA,FECHA_FACTURA,CLIENTE_ID,VEHICULO_ID,VENDEDOR_ID,PRECIO_VENTA_VEHICULO,VALOR_ACEPTADO,IMPUESTO,LICENCIA_MATRICULA,OTRAS_CONDICIONES) values ('51007',to_date('03/06/17','DD/MM/RR'),'17','20009','107','45456','556','5','1212','NINGUNA');
Insert into DAVG1.FACTURAS (ID_FACTURA,FECHA_FACTURA,CLIENTE_ID,VEHICULO_ID,VENDEDOR_ID,PRECIO_VENTA_VEHICULO,VALOR_ACEPTADO,IMPUESTO,LICENCIA_MATRICULA,OTRAS_CONDICIONES) values ('51008',to_date('03/06/17','DD/MM/RR'),'18','20010','108','56456','40456','5','1213','NINGUNA');
Insert into DAVG1.FACTURAS (ID_FACTURA,FECHA_FACTURA,CLIENTE_ID,VEHICULO_ID,VENDEDOR_ID,PRECIO_VENTA_VEHICULO,VALOR_ACEPTADO,IMPUESTO,LICENCIA_MATRICULA,OTRAS_CONDICIONES) values ('51009',to_date('03/06/17','DD/MM/RR'),'19','20011','109','75456','7556','5','1214','NINGUNA');
Insert into DAVG1.FACTURAS (ID_FACTURA,FECHA_FACTURA,CLIENTE_ID,VEHICULO_ID,VENDEDOR_ID,PRECIO_VENTA_VEHICULO,VALOR_ACEPTADO,IMPUESTO,LICENCIA_MATRICULA,OTRAS_CONDICIONES) values ('51010',to_date('03/06/17','DD/MM/RR'),'20','20012','110','78456','40456','5','1215','NINGUNA');
Insert into DAVG1.FACTURAS (ID_FACTURA,FECHA_FACTURA,CLIENTE_ID,VEHICULO_ID,VENDEDOR_ID,PRECIO_VENTA_VEHICULO,VALOR_ACEPTADO,IMPUESTO,LICENCIA_MATRICULA,OTRAS_CONDICIONES) values ('51011',to_date('03/06/17','DD/MM/RR'),'1','20013','102','89456','75456','5','1216','NINGUNA');
Insert into DAVG1.FACTURAS (ID_FACTURA,FECHA_FACTURA,CLIENTE_ID,VEHICULO_ID,VENDEDOR_ID,PRECIO_VENTA_VEHICULO,VALOR_ACEPTADO,IMPUESTO,LICENCIA_MATRICULA,OTRAS_CONDICIONES) values ('51012',to_date('03/06/17','DD/MM/RR'),'2','20014','103','67456','456','5','1217','NINGUNA');
Insert into DAVG1.FACTURAS (ID_FACTURA,FECHA_FACTURA,CLIENTE_ID,VEHICULO_ID,VENDEDOR_ID,PRECIO_VENTA_VEHICULO,VALOR_ACEPTADO,IMPUESTO,LICENCIA_MATRICULA,OTRAS_CONDICIONES) values ('51013',to_date('03/06/17','DD/MM/RR'),'3','20015','104','56456','5456','3','1218','NINGUNA');
Insert into DAVG1.FACTURAS (ID_FACTURA,FECHA_FACTURA,CLIENTE_ID,VEHICULO_ID,VENDEDOR_ID,PRECIO_VENTA_VEHICULO,VALOR_ACEPTADO,IMPUESTO,LICENCIA_MATRICULA,OTRAS_CONDICIONES) values ('51014',to_date('03/06/17','DD/MM/RR'),'4','20016','105','45456','456','2','1219','NINGUNA');
Insert into DAVG1.FACTURAS (ID_FACTURA,FECHA_FACTURA,CLIENTE_ID,VEHICULO_ID,VENDEDOR_ID,PRECIO_VENTA_VEHICULO,VALOR_ACEPTADO,IMPUESTO,LICENCIA_MATRICULA,OTRAS_CONDICIONES) values ('51015',to_date('03/06/17','DD/MM/RR'),'5','20017','106','23456','456','1','1220','NINGUNA');
Insert into DAVG1.FACTURAS (ID_FACTURA,FECHA_FACTURA,CLIENTE_ID,VEHICULO_ID,VENDEDOR_ID,PRECIO_VENTA_VEHICULO,VALOR_ACEPTADO,IMPUESTO,LICENCIA_MATRICULA,OTRAS_CONDICIONES) values ('51016',to_date('03/06/17','DD/MM/RR'),'6','20018','107','56456','456','10','1221','NINGUNA');
Insert into DAVG1.FACTURAS (ID_FACTURA,FECHA_FACTURA,CLIENTE_ID,VEHICULO_ID,VENDEDOR_ID,PRECIO_VENTA_VEHICULO,VALOR_ACEPTADO,IMPUESTO,LICENCIA_MATRICULA,OTRAS_CONDICIONES) values ('51017',to_date('03/06/17','DD/MM/RR'),'7','20019','108','75456','7456','9','1222','NINGUNA');
Insert into DAVG1.FACTURAS (ID_FACTURA,FECHA_FACTURA,CLIENTE_ID,VEHICULO_ID,VENDEDOR_ID,PRECIO_VENTA_VEHICULO,VALOR_ACEPTADO,IMPUESTO,LICENCIA_MATRICULA,OTRAS_CONDICIONES) values ('51018',to_date('03/06/17','DD/MM/RR'),'8','20020','109','89456','7556','8','1223','NINGUNA');
Insert into DAVG1.FACTURAS (ID_FACTURA,FECHA_FACTURA,CLIENTE_ID,VEHICULO_ID,VENDEDOR_ID,PRECIO_VENTA_VEHICULO,VALOR_ACEPTADO,IMPUESTO,LICENCIA_MATRICULA,OTRAS_CONDICIONES) values ('51019',to_date('03/06/17','DD/MM/RR'),'9','20021','110','56456','5456','7','1224','NINGUNA');
Insert into DAVG1.FACTURAS (ID_FACTURA,FECHA_FACTURA,CLIENTE_ID,VEHICULO_ID,VENDEDOR_ID,PRECIO_VENTA_VEHICULO,VALOR_ACEPTADO,IMPUESTO,LICENCIA_MATRICULA,OTRAS_CONDICIONES) values ('51020',to_date('03/06/17','DD/MM/RR'),'10','20022','104','45456','456','6','1225','NINGUNA');
REM INSERTING into DAVG1.MODELOS
SET DEFINE OFF;
Insert into DAVG1.MODELOS (ID_MODELO,NOMBRE_MODELO) values ('400','AVEO');
Insert into DAVG1.MODELOS (ID_MODELO,NOMBRE_MODELO) values ('401','DUSTER');
Insert into DAVG1.MODELOS (ID_MODELO,NOMBRE_MODELO) values ('402','LANDCRUISER');
Insert into DAVG1.MODELOS (ID_MODELO,NOMBRE_MODELO) values ('403','SPARK');
REM INSERTING into DAVG1.OPCIONES
SET DEFINE OFF;
Insert into DAVG1.OPCIONES (ID_OPCION,DESCRIPCION,COSTO_FABRICANTE,PRECIO_VENTA_OPC,UNIDADES_DISPONIBLES,FABRICANTE_ID) values ('800','NEVERA','230','235','30','30001');
Insert into DAVG1.OPCIONES (ID_OPCION,DESCRIPCION,COSTO_FABRICANTE,PRECIO_VENTA_OPC,UNIDADES_DISPONIBLES,FABRICANTE_ID) values ('801','AIRE','100','180','30','30004');
Insert into DAVG1.OPCIONES (ID_OPCION,DESCRIPCION,COSTO_FABRICANTE,PRECIO_VENTA_OPC,UNIDADES_DISPONIBLES,FABRICANTE_ID) values ('802','EXTINTOR','150','180','30','30003');
Insert into DAVG1.OPCIONES (ID_OPCION,DESCRIPCION,COSTO_FABRICANTE,PRECIO_VENTA_OPC,UNIDADES_DISPONIBLES,FABRICANTE_ID) values ('803','HERRAMIENTAS','40','60','30','30002');
Insert into DAVG1.OPCIONES (ID_OPCION,DESCRIPCION,COSTO_FABRICANTE,PRECIO_VENTA_OPC,UNIDADES_DISPONIBLES,FABRICANTE_ID) values ('804','MICROHONDAS','134','140','30','30004');
REM INSERTING into DAVG1.OPCIONES_VENTAS
SET DEFINE OFF;
Insert into DAVG1.OPCIONES_VENTAS (ID_OPCION_VENTA,FACTURA_ID,OPCION_ID) values ('700','51000','800');
Insert into DAVG1.OPCIONES_VENTAS (ID_OPCION_VENTA,FACTURA_ID,OPCION_ID) values ('701','51001','801');
Insert into DAVG1.OPCIONES_VENTAS (ID_OPCION_VENTA,FACTURA_ID,OPCION_ID) values ('702','51002','802');
Insert into DAVG1.OPCIONES_VENTAS (ID_OPCION_VENTA,FACTURA_ID,OPCION_ID) values ('703','51003','803');
Insert into DAVG1.OPCIONES_VENTAS (ID_OPCION_VENTA,FACTURA_ID,OPCION_ID) values ('706','51019','802');
Insert into DAVG1.OPCIONES_VENTAS (ID_OPCION_VENTA,FACTURA_ID,OPCION_ID) values ('707','51019','803');
REM INSERTING into DAVG1.VEHICULOS
SET DEFINE OFF;
Insert into DAVG1.VEHICULOS (VIN,NOMBRE,MODELO_ID,"AÑO",FABRICANTE_ID,COSTO_COMPRA,ESTADO,FECHA_INGRESO,FECHA_SALIDA) values ('20000','Dodge','403','2018','30004','47578,14','INTERCAMBIO',to_date('28/10/18','DD/MM/RR'),null);
Insert into DAVG1.VEHICULOS (VIN,NOMBRE,MODELO_ID,"AÑO",FABRICANTE_ID,COSTO_COMPRA,ESTADO,FECHA_INGRESO,FECHA_SALIDA) values ('20001','Ferrari','403','2018','30000','31765','VENDIDO',to_date('05/01/17','DD/MM/RR'),to_date('24/12/16','DD/MM/RR'));
Insert into DAVG1.VEHICULOS (VIN,NOMBRE,MODELO_ID,"AÑO",FABRICANTE_ID,COSTO_COMPRA,ESTADO,FECHA_INGRESO,FECHA_SALIDA) values ('20002','Dacia','401','2018','30004','44515,64','VENDIDO',to_date('04/05/17','DD/MM/RR'),to_date('11/02/18','DD/MM/RR'));
Insert into DAVG1.VEHICULOS (VIN,NOMBRE,MODELO_ID,"AÑO",FABRICANTE_ID,COSTO_COMPRA,ESTADO,FECHA_INGRESO,FECHA_SALIDA) values ('20003','Dongfeng Motor','401','2018','30001','41598,67','VENDIDO',to_date('25/10/17','DD/MM/RR'),to_date('21/02/17','DD/MM/RR'));
Insert into DAVG1.VEHICULOS (VIN,NOMBRE,MODELO_ID,"AÑO",FABRICANTE_ID,COSTO_COMPRA,ESTADO,FECHA_INGRESO,FECHA_SALIDA) values ('20004','JLR','401','2018','30001','33412,4','VENDIDO',to_date('06/05/17','DD/MM/RR'),to_date('01/02/17','DD/MM/RR'));
Insert into DAVG1.VEHICULOS (VIN,NOMBRE,MODELO_ID,"AÑO",FABRICANTE_ID,COSTO_COMPRA,ESTADO,FECHA_INGRESO,FECHA_SALIDA) values ('20005','Porsche','401','2018','30002','44602,2','VENDIDO',to_date('13/11/15','DD/MM/RR'),to_date('16/09/17','DD/MM/RR'));
Insert into DAVG1.VEHICULOS (VIN,NOMBRE,MODELO_ID,"AÑO",FABRICANTE_ID,COSTO_COMPRA,ESTADO,FECHA_INGRESO,FECHA_SALIDA) values ('20006','Volkswagen','402','2018','30004','37250,72','VENDIDO',to_date('20/01/15','DD/MM/RR'),to_date('03/06/18','DD/MM/RR'));
Insert into DAVG1.VEHICULOS (VIN,NOMBRE,MODELO_ID,"AÑO",FABRICANTE_ID,COSTO_COMPRA,ESTADO,FECHA_INGRESO,FECHA_SALIDA) values ('20007','Skoda','401','2016','30003','40458,57','VENDIDO',to_date('26/07/15','DD/MM/RR'),to_date('10/07/17','DD/MM/RR'));
Insert into DAVG1.VEHICULOS (VIN,NOMBRE,MODELO_ID,"AÑO",FABRICANTE_ID,COSTO_COMPRA,ESTADO,FECHA_INGRESO,FECHA_SALIDA) values ('20008','Honda','400','2017','30000','34540,95','VENDIDO',to_date('06/06/16','DD/MM/RR'),to_date('15/04/18','DD/MM/RR'));
Insert into DAVG1.VEHICULOS (VIN,NOMBRE,MODELO_ID,"AÑO",FABRICANTE_ID,COSTO_COMPRA,ESTADO,FECHA_INGRESO,FECHA_SALIDA) values ('20009','Citroën','401','2018','30004','37191,18','VENDIDO',to_date('27/08/17','DD/MM/RR'),to_date('19/04/18','DD/MM/RR'));
Insert into DAVG1.VEHICULOS (VIN,NOMBRE,MODELO_ID,"AÑO",FABRICANTE_ID,COSTO_COMPRA,ESTADO,FECHA_INGRESO,FECHA_SALIDA) values ('20010','Dacia','400','2017','30003','49030,4','VENDIDO',to_date('09/06/16','DD/MM/RR'),to_date('09/09/17','DD/MM/RR'));
Insert into DAVG1.VEHICULOS (VIN,NOMBRE,MODELO_ID,"AÑO",FABRICANTE_ID,COSTO_COMPRA,ESTADO,FECHA_INGRESO,FECHA_SALIDA) values ('20011','Infiniti','402','2018','30001','42014,76','VENDIDO',to_date('14/12/17','DD/MM/RR'),to_date('05/01/17','DD/MM/RR'));
Insert into DAVG1.VEHICULOS (VIN,NOMBRE,MODELO_ID,"AÑO",FABRICANTE_ID,COSTO_COMPRA,ESTADO,FECHA_INGRESO,FECHA_SALIDA) values ('20012','Infiniti','401','2018','30003','41619,12','VENDIDO',to_date('25/10/16','DD/MM/RR'),to_date('07/01/18','DD/MM/RR'));
Insert into DAVG1.VEHICULOS (VIN,NOMBRE,MODELO_ID,"AÑO",FABRICANTE_ID,COSTO_COMPRA,ESTADO,FECHA_INGRESO,FECHA_SALIDA) values ('20013','Dodge','402','2017','30000','30456,54','VENDIDO',to_date('20/12/17','DD/MM/RR'),to_date('08/06/17','DD/MM/RR'));
Insert into DAVG1.VEHICULOS (VIN,NOMBRE,MODELO_ID,"AÑO",FABRICANTE_ID,COSTO_COMPRA,ESTADO,FECHA_INGRESO,FECHA_SALIDA) values ('20014','Volkswagen','400','2017','30001','33342,57','VENDIDO',to_date('14/11/17','DD/MM/RR'),to_date('25/03/18','DD/MM/RR'));
Insert into DAVG1.VEHICULOS (VIN,NOMBRE,MODELO_ID,"AÑO",FABRICANTE_ID,COSTO_COMPRA,ESTADO,FECHA_INGRESO,FECHA_SALIDA) values ('20015','Acura','401','2017','30004','37932,2','VENDIDO',to_date('20/04/16','DD/MM/RR'),to_date('23/11/17','DD/MM/RR'));
Insert into DAVG1.VEHICULOS (VIN,NOMBRE,MODELO_ID,"AÑO",FABRICANTE_ID,COSTO_COMPRA,ESTADO,FECHA_INGRESO,FECHA_SALIDA) values ('20016','Toyota','403','2017','30003','48048,81','VENDIDO',to_date('25/10/16','DD/MM/RR'),to_date('19/09/18','DD/MM/RR'));
Insert into DAVG1.VEHICULOS (VIN,NOMBRE,MODELO_ID,"AÑO",FABRICANTE_ID,COSTO_COMPRA,ESTADO,FECHA_INGRESO,FECHA_SALIDA) values ('20017','Seat','401','2017','30002','46141,76','VENDIDO',to_date('22/08/15','DD/MM/RR'),to_date('18/04/17','DD/MM/RR'));
Insert into DAVG1.VEHICULOS (VIN,NOMBRE,MODELO_ID,"AÑO",FABRICANTE_ID,COSTO_COMPRA,ESTADO,FECHA_INGRESO,FECHA_SALIDA) values ('20018','Audi','402','2018','30001','42186,29','VENDIDO',to_date('04/08/16','DD/MM/RR'),to_date('27/07/18','DD/MM/RR'));
Insert into DAVG1.VEHICULOS (VIN,NOMBRE,MODELO_ID,"AÑO",FABRICANTE_ID,COSTO_COMPRA,ESTADO,FECHA_INGRESO,FECHA_SALIDA) values ('20019','Dodge','402','2016','30004','33616,2','VENDIDO',to_date('10/07/15','DD/MM/RR'),to_date('18/06/18','DD/MM/RR'));
Insert into DAVG1.VEHICULOS (VIN,NOMBRE,MODELO_ID,"AÑO",FABRICANTE_ID,COSTO_COMPRA,ESTADO,FECHA_INGRESO,FECHA_SALIDA) values ('20020','Isuzu','402','2018','30003','31317,47','VENDIDO',to_date('08/01/15','DD/MM/RR'),to_date('30/04/17','DD/MM/RR'));
Insert into DAVG1.VEHICULOS (VIN,NOMBRE,MODELO_ID,"AÑO",FABRICANTE_ID,COSTO_COMPRA,ESTADO,FECHA_INGRESO,FECHA_SALIDA) values ('20021','Fiat','401','2018','30000','30101,64','VENDIDO',to_date('26/05/17','DD/MM/RR'),to_date('16/01/18','DD/MM/RR'));
Insert into DAVG1.VEHICULOS (VIN,NOMBRE,MODELO_ID,"AÑO",FABRICANTE_ID,COSTO_COMPRA,ESTADO,FECHA_INGRESO,FECHA_SALIDA) values ('20022','Seat','402','2018','30002','45117,52','INTERCAMBIO',to_date('18/04/15','DD/MM/RR'),null);
Insert into DAVG1.VEHICULOS (VIN,NOMBRE,MODELO_ID,"AÑO",FABRICANTE_ID,COSTO_COMPRA,ESTADO,FECHA_INGRESO,FECHA_SALIDA) values ('20023','Isuzu','401','2017','30003','44286,81','VENDIDO',to_date('29/09/17','DD/MM/RR'),to_date('22/10/17','DD/MM/RR'));
Insert into DAVG1.VEHICULOS (VIN,NOMBRE,MODELO_ID,"AÑO",FABRICANTE_ID,COSTO_COMPRA,ESTADO,FECHA_INGRESO,FECHA_SALIDA) values ('20024','Subaru','403','2016','30004','46320,68','INTERCAMBIO',to_date('23/04/17','DD/MM/RR'),null);
Insert into DAVG1.VEHICULOS (VIN,NOMBRE,MODELO_ID,"AÑO",FABRICANTE_ID,COSTO_COMPRA,ESTADO,FECHA_INGRESO,FECHA_SALIDA) values ('20025','General Motors','403','2018','30001','33649,75','VENDIDO',to_date('28/02/16','DD/MM/RR'),to_date('14/08/17','DD/MM/RR'));
Insert into DAVG1.VEHICULOS (VIN,NOMBRE,MODELO_ID,"AÑO",FABRICANTE_ID,COSTO_COMPRA,ESTADO,FECHA_INGRESO,FECHA_SALIDA) values ('20026','General Motors','403','2017','30004','36281,14','INTERCAMBIO',to_date('20/11/15','DD/MM/RR'),null);
Insert into DAVG1.VEHICULOS (VIN,NOMBRE,MODELO_ID,"AÑO",FABRICANTE_ID,COSTO_COMPRA,ESTADO,FECHA_INGRESO,FECHA_SALIDA) values ('20027','Ferrari','401','2017','30002','30734,51','VENDIDO',to_date('15/12/15','DD/MM/RR'),to_date('01/07/17','DD/MM/RR'));
Insert into DAVG1.VEHICULOS (VIN,NOMBRE,MODELO_ID,"AÑO",FABRICANTE_ID,COSTO_COMPRA,ESTADO,FECHA_INGRESO,FECHA_SALIDA) values ('20028','Daihatsu','400','2018','30003','41597,31','INTERCAMBIO',to_date('27/04/18','DD/MM/RR'),null);
Insert into DAVG1.VEHICULOS (VIN,NOMBRE,MODELO_ID,"AÑO",FABRICANTE_ID,COSTO_COMPRA,ESTADO,FECHA_INGRESO,FECHA_SALIDA) values ('20029','Tata Motors','402','2018','30000','44557,64','INTERCAMBIO',to_date('27/05/18','DD/MM/RR'),null);
Insert into DAVG1.VEHICULOS (VIN,NOMBRE,MODELO_ID,"AÑO",FABRICANTE_ID,COSTO_COMPRA,ESTADO,FECHA_INGRESO,FECHA_SALIDA) values ('20030','Chrysler','400','2017','30004','45452,37','INTERCAMBIO',to_date('28/05/15','DD/MM/RR'),null);
Insert into DAVG1.VEHICULOS (VIN,NOMBRE,MODELO_ID,"AÑO",FABRICANTE_ID,COSTO_COMPRA,ESTADO,FECHA_INGRESO,FECHA_SALIDA) values ('20031','Hyundai Motors','400','2017','30004','36330,67','NUEVO',to_date('25/04/15','DD/MM/RR'),null);
Insert into DAVG1.VEHICULOS (VIN,NOMBRE,MODELO_ID,"AÑO",FABRICANTE_ID,COSTO_COMPRA,ESTADO,FECHA_INGRESO,FECHA_SALIDA) values ('20032','Maruti Suzuki','402','2018','30002','35700,17','INTERCAMBIO',to_date('25/07/16','DD/MM/RR'),null);
Insert into DAVG1.VEHICULOS (VIN,NOMBRE,MODELO_ID,"AÑO",FABRICANTE_ID,COSTO_COMPRA,ESTADO,FECHA_INGRESO,FECHA_SALIDA) values ('20033','GMC','400','2016','30000','49585,88','INTERCAMBIO',to_date('28/02/16','DD/MM/RR'),null);
Insert into DAVG1.VEHICULOS (VIN,NOMBRE,MODELO_ID,"AÑO",FABRICANTE_ID,COSTO_COMPRA,ESTADO,FECHA_INGRESO,FECHA_SALIDA) values ('20034','FAW','401','2018','30001','48914,43','INTERCAMBIO',to_date('25/05/17','DD/MM/RR'),null);
Insert into DAVG1.VEHICULOS (VIN,NOMBRE,MODELO_ID,"AÑO",FABRICANTE_ID,COSTO_COMPRA,ESTADO,FECHA_INGRESO,FECHA_SALIDA) values ('20035','Mazda','403','2017','30004','31825,58','VENDIDO',to_date('13/08/17','DD/MM/RR'),to_date('23/09/18','DD/MM/RR'));
Insert into DAVG1.VEHICULOS (VIN,NOMBRE,MODELO_ID,"AÑO",FABRICANTE_ID,COSTO_COMPRA,ESTADO,FECHA_INGRESO,FECHA_SALIDA) values ('20036','Audi','400','2017','30003','41019,75','NUEVO',to_date('05/08/15','DD/MM/RR'),null);
Insert into DAVG1.VEHICULOS (VIN,NOMBRE,MODELO_ID,"AÑO",FABRICANTE_ID,COSTO_COMPRA,ESTADO,FECHA_INGRESO,FECHA_SALIDA) values ('20037','Fiat','400','2017','30003','39101,56','VENDIDO',to_date('11/11/17','DD/MM/RR'),to_date('03/09/17','DD/MM/RR'));
Insert into DAVG1.VEHICULOS (VIN,NOMBRE,MODELO_ID,"AÑO",FABRICANTE_ID,COSTO_COMPRA,ESTADO,FECHA_INGRESO,FECHA_SALIDA) values ('20038','Seat','400','2017','30001','33197,43','INTERCAMBIO',to_date('08/07/18','DD/MM/RR'),null);
Insert into DAVG1.VEHICULOS (VIN,NOMBRE,MODELO_ID,"AÑO",FABRICANTE_ID,COSTO_COMPRA,ESTADO,FECHA_INGRESO,FECHA_SALIDA) values ('20039','Dodge','402','2018','30004','49706,05','VENDIDO',to_date('30/11/15','DD/MM/RR'),to_date('03/03/18','DD/MM/RR'));
Insert into DAVG1.VEHICULOS (VIN,NOMBRE,MODELO_ID,"AÑO",FABRICANTE_ID,COSTO_COMPRA,ESTADO,FECHA_INGRESO,FECHA_SALIDA) values ('20040','Nissan','400','2017','30001','34782,64','NUEVO',to_date('25/05/15','DD/MM/RR'),null);
Insert into DAVG1.VEHICULOS (VIN,NOMBRE,MODELO_ID,"AÑO",FABRICANTE_ID,COSTO_COMPRA,ESTADO,FECHA_INGRESO,FECHA_SALIDA) values ('20041','Dodge','402','2018','30004','41457,67','VENDIDO',to_date('11/07/18','DD/MM/RR'),to_date('08/04/17','DD/MM/RR'));
Insert into DAVG1.VEHICULOS (VIN,NOMBRE,MODELO_ID,"AÑO",FABRICANTE_ID,COSTO_COMPRA,ESTADO,FECHA_INGRESO,FECHA_SALIDA) values ('20042','Porsche','401','2018','30000','37080,63','VENDIDO',to_date('22/03/17','DD/MM/RR'),to_date('02/01/17','DD/MM/RR'));
Insert into DAVG1.VEHICULOS (VIN,NOMBRE,MODELO_ID,"AÑO",FABRICANTE_ID,COSTO_COMPRA,ESTADO,FECHA_INGRESO,FECHA_SALIDA) values ('20043','Dodge','400','2017','30004','36346,96','VENDIDO',to_date('29/12/15','DD/MM/RR'),to_date('20/05/17','DD/MM/RR'));
Insert into DAVG1.VEHICULOS (VIN,NOMBRE,MODELO_ID,"AÑO",FABRICANTE_ID,COSTO_COMPRA,ESTADO,FECHA_INGRESO,FECHA_SALIDA) values ('20044','Nissan','400','2018','30004','45538,16','NUEVO',to_date('18/10/17','DD/MM/RR'),null);
Insert into DAVG1.VEHICULOS (VIN,NOMBRE,MODELO_ID,"AÑO",FABRICANTE_ID,COSTO_COMPRA,ESTADO,FECHA_INGRESO,FECHA_SALIDA) values ('20045','Volvo','402','2018','30002','40272,69','VENDIDO',to_date('19/09/15','DD/MM/RR'),to_date('04/07/17','DD/MM/RR'));
Insert into DAVG1.VEHICULOS (VIN,NOMBRE,MODELO_ID,"AÑO",FABRICANTE_ID,COSTO_COMPRA,ESTADO,FECHA_INGRESO,FECHA_SALIDA) values ('20046','Skoda','400','2018','30003','40582,33','VENDIDO',to_date('10/05/17','DD/MM/RR'),to_date('12/11/17','DD/MM/RR'));
Insert into DAVG1.VEHICULOS (VIN,NOMBRE,MODELO_ID,"AÑO",FABRICANTE_ID,COSTO_COMPRA,ESTADO,FECHA_INGRESO,FECHA_SALIDA) values ('20047','Honda','401','2018','30001','37345,45','INTERCAMBIO',to_date('13/05/16','DD/MM/RR'),null);
Insert into DAVG1.VEHICULOS (VIN,NOMBRE,MODELO_ID,"AÑO",FABRICANTE_ID,COSTO_COMPRA,ESTADO,FECHA_INGRESO,FECHA_SALIDA) values ('20048','Fiat','400','2018','30004','45327,01','NUEVO',to_date('12/06/15','DD/MM/RR'),null);
Insert into DAVG1.VEHICULOS (VIN,NOMBRE,MODELO_ID,"AÑO",FABRICANTE_ID,COSTO_COMPRA,ESTADO,FECHA_INGRESO,FECHA_SALIDA) values ('20049','Ferrari','403','2017','30001','46816,76','INTERCAMBIO',to_date('01/07/17','DD/MM/RR'),null);
REM INSERTING into DAVG1.VENDEDORES
SET DEFINE OFF;
Insert into DAVG1.VENDEDORES (ID_VENDEDOR,NOMBRE,APELLIDO,CELULAR,DIRECCION) values ('100','Laurel','Booth','(151) 996-2976','541-8657 Enim. Rd.');
Insert into DAVG1.VENDEDORES (ID_VENDEDOR,NOMBRE,APELLIDO,CELULAR,DIRECCION) values ('101','Seth','Slater','(782) 566-2435','P.O. Box 192, 1995 Curabitur Rd.');
Insert into DAVG1.VENDEDORES (ID_VENDEDOR,NOMBRE,APELLIDO,CELULAR,DIRECCION) values ('102','Allegra','James','(507) 632-5475','Ap #170-7888 Ipsum St.');
Insert into DAVG1.VENDEDORES (ID_VENDEDOR,NOMBRE,APELLIDO,CELULAR,DIRECCION) values ('103','Fay','Franklin','(657) 837-8387','P.O. Box 366, 5494 Ipsum Ave');
Insert into DAVG1.VENDEDORES (ID_VENDEDOR,NOMBRE,APELLIDO,CELULAR,DIRECCION) values ('104','Troy','Davis','(894) 383-3983','Ap #578-9160 Nulla Street');
Insert into DAVG1.VENDEDORES (ID_VENDEDOR,NOMBRE,APELLIDO,CELULAR,DIRECCION) values ('105','Kevyn','Slater','(514) 261-2669','101-7748 Egestas Street');
Insert into DAVG1.VENDEDORES (ID_VENDEDOR,NOMBRE,APELLIDO,CELULAR,DIRECCION) values ('106','Kirsten','Mack','(495) 202-6956','P.O. Box 765, 7726 Lacinia Street');
Insert into DAVG1.VENDEDORES (ID_VENDEDOR,NOMBRE,APELLIDO,CELULAR,DIRECCION) values ('107','Castor','Mclean','(508) 390-6958','652-4442 Nunc Rd.');
Insert into DAVG1.VENDEDORES (ID_VENDEDOR,NOMBRE,APELLIDO,CELULAR,DIRECCION) values ('108','Chiquita','Schroeder','(862) 119-5429','Ap #237-5369 Orci, Ave');
Insert into DAVG1.VENDEDORES (ID_VENDEDOR,NOMBRE,APELLIDO,CELULAR,DIRECCION) values ('109','Micah','Dillard','(774) 712-8457','871-2550 Ultrices St.');
Insert into DAVG1.VENDEDORES (ID_VENDEDOR,NOMBRE,APELLIDO,CELULAR,DIRECCION) values ('110','Macey','Black','(445) 960-3776','P.O. Box 107, 6953 Dapibus Av.');
REM INSERTING into DAVG1.FACTURA_OPCIONES
SET DEFINE OFF;
Insert into DAVG1.FACTURA_OPCIONES (ID_FACTURA,VENDEDOR_ID,NOMBRE_VENDEDOR,CLIENTE_ID,NOMBRE_CLIENTE,VEHICULO_ID,NOMBRE_MODELO,NOMBRE_FABRICANTE,OPCION_ID,DESCRIPCION) values ('51000','100','Laurel Booth','10','Rogan Jennings','20002','DUSTER','BMW','800','NEVERA');
Insert into DAVG1.FACTURA_OPCIONES (ID_FACTURA,VENDEDOR_ID,NOMBRE_VENDEDOR,CLIENTE_ID,NOMBRE_CLIENTE,VEHICULO_ID,NOMBRE_MODELO,NOMBRE_FABRICANTE,OPCION_ID,DESCRIPCION) values ('51001','101','Seth Slater','11','Larissa Orr','20003','DUSTER','MAZDA','801','AIRE');
Insert into DAVG1.FACTURA_OPCIONES (ID_FACTURA,VENDEDOR_ID,NOMBRE_VENDEDOR,CLIENTE_ID,NOMBRE_CLIENTE,VEHICULO_ID,NOMBRE_MODELO,NOMBRE_FABRICANTE,OPCION_ID,DESCRIPCION) values ('51002','102','Allegra James','12','Meredith Carey','20004','DUSTER','MAZDA','802','EXTINTOR');
Insert into DAVG1.FACTURA_OPCIONES (ID_FACTURA,VENDEDOR_ID,NOMBRE_VENDEDOR,CLIENTE_ID,NOMBRE_CLIENTE,VEHICULO_ID,NOMBRE_MODELO,NOMBRE_FABRICANTE,OPCION_ID,DESCRIPCION) values ('51003','103','Fay Franklin','13','Ori Benton','20005','DUSTER','CHEVROLET','803','HERRAMIENTAS');
Insert into DAVG1.FACTURA_OPCIONES (ID_FACTURA,VENDEDOR_ID,NOMBRE_VENDEDOR,CLIENTE_ID,NOMBRE_CLIENTE,VEHICULO_ID,NOMBRE_MODELO,NOMBRE_FABRICANTE,OPCION_ID,DESCRIPCION) values ('51004','104','Troy Davis','14','Chantale Vasquez','20006','LANDCRUISER','BMW',null,null);
Insert into DAVG1.FACTURA_OPCIONES (ID_FACTURA,VENDEDOR_ID,NOMBRE_VENDEDOR,CLIENTE_ID,NOMBRE_CLIENTE,VEHICULO_ID,NOMBRE_MODELO,NOMBRE_FABRICANTE,OPCION_ID,DESCRIPCION) values ('51005','105','Kevyn Slater','15','Quinn Shepard','20007','DUSTER','TOYOTA',null,null);
Insert into DAVG1.FACTURA_OPCIONES (ID_FACTURA,VENDEDOR_ID,NOMBRE_VENDEDOR,CLIENTE_ID,NOMBRE_CLIENTE,VEHICULO_ID,NOMBRE_MODELO,NOMBRE_FABRICANTE,OPCION_ID,DESCRIPCION) values ('51006','106','Kirsten Mack','16','Kiara Dunlap','20008','AVEO','RENAULT',null,null);
Insert into DAVG1.FACTURA_OPCIONES (ID_FACTURA,VENDEDOR_ID,NOMBRE_VENDEDOR,CLIENTE_ID,NOMBRE_CLIENTE,VEHICULO_ID,NOMBRE_MODELO,NOMBRE_FABRICANTE,OPCION_ID,DESCRIPCION) values ('51007','107','Castor Mclean','17','Phoebe Espinoza','20009','DUSTER','BMW',null,null);
Insert into DAVG1.FACTURA_OPCIONES (ID_FACTURA,VENDEDOR_ID,NOMBRE_VENDEDOR,CLIENTE_ID,NOMBRE_CLIENTE,VEHICULO_ID,NOMBRE_MODELO,NOMBRE_FABRICANTE,OPCION_ID,DESCRIPCION) values ('51008','108','Chiquita Schroeder','18','Tyler Ramsey','20010','AVEO','TOYOTA',null,null);
Insert into DAVG1.FACTURA_OPCIONES (ID_FACTURA,VENDEDOR_ID,NOMBRE_VENDEDOR,CLIENTE_ID,NOMBRE_CLIENTE,VEHICULO_ID,NOMBRE_MODELO,NOMBRE_FABRICANTE,OPCION_ID,DESCRIPCION) values ('51009','109','Micah Dillard','19','Amaya Mcdaniel','20011','LANDCRUISER','MAZDA',null,null);
Insert into DAVG1.FACTURA_OPCIONES (ID_FACTURA,VENDEDOR_ID,NOMBRE_VENDEDOR,CLIENTE_ID,NOMBRE_CLIENTE,VEHICULO_ID,NOMBRE_MODELO,NOMBRE_FABRICANTE,OPCION_ID,DESCRIPCION) values ('51010','110','Macey Black','20','Amanda Stone','20012','DUSTER','TOYOTA',null,null);
Insert into DAVG1.FACTURA_OPCIONES (ID_FACTURA,VENDEDOR_ID,NOMBRE_VENDEDOR,CLIENTE_ID,NOMBRE_CLIENTE,VEHICULO_ID,NOMBRE_MODELO,NOMBRE_FABRICANTE,OPCION_ID,DESCRIPCION) values ('51011','102','Allegra James','1','Kevyn Vasquez','20013','LANDCRUISER','RENAULT',null,null);
Insert into DAVG1.FACTURA_OPCIONES (ID_FACTURA,VENDEDOR_ID,NOMBRE_VENDEDOR,CLIENTE_ID,NOMBRE_CLIENTE,VEHICULO_ID,NOMBRE_MODELO,NOMBRE_FABRICANTE,OPCION_ID,DESCRIPCION) values ('51012','103','Fay Franklin','2','Mikayla Brady','20014','AVEO','MAZDA',null,null);
Insert into DAVG1.FACTURA_OPCIONES (ID_FACTURA,VENDEDOR_ID,NOMBRE_VENDEDOR,CLIENTE_ID,NOMBRE_CLIENTE,VEHICULO_ID,NOMBRE_MODELO,NOMBRE_FABRICANTE,OPCION_ID,DESCRIPCION) values ('51013','104','Troy Davis','3','Rudyard Chan','20015','DUSTER','BMW',null,null);
Insert into DAVG1.FACTURA_OPCIONES (ID_FACTURA,VENDEDOR_ID,NOMBRE_VENDEDOR,CLIENTE_ID,NOMBRE_CLIENTE,VEHICULO_ID,NOMBRE_MODELO,NOMBRE_FABRICANTE,OPCION_ID,DESCRIPCION) values ('51014','105','Kevyn Slater','4','Kylan Sheppard','20016','SPARK','TOYOTA',null,null);
Insert into DAVG1.FACTURA_OPCIONES (ID_FACTURA,VENDEDOR_ID,NOMBRE_VENDEDOR,CLIENTE_ID,NOMBRE_CLIENTE,VEHICULO_ID,NOMBRE_MODELO,NOMBRE_FABRICANTE,OPCION_ID,DESCRIPCION) values ('51015','106','Kirsten Mack','5','Cadman Shannon','20017','DUSTER','CHEVROLET',null,null);
Insert into DAVG1.FACTURA_OPCIONES (ID_FACTURA,VENDEDOR_ID,NOMBRE_VENDEDOR,CLIENTE_ID,NOMBRE_CLIENTE,VEHICULO_ID,NOMBRE_MODELO,NOMBRE_FABRICANTE,OPCION_ID,DESCRIPCION) values ('51016','107','Castor Mclean','6','Germaine Oneal','20018','LANDCRUISER','MAZDA',null,null);
Insert into DAVG1.FACTURA_OPCIONES (ID_FACTURA,VENDEDOR_ID,NOMBRE_VENDEDOR,CLIENTE_ID,NOMBRE_CLIENTE,VEHICULO_ID,NOMBRE_MODELO,NOMBRE_FABRICANTE,OPCION_ID,DESCRIPCION) values ('51017','108','Chiquita Schroeder','7','Yen Daugherty','20019','LANDCRUISER','BMW',null,null);
Insert into DAVG1.FACTURA_OPCIONES (ID_FACTURA,VENDEDOR_ID,NOMBRE_VENDEDOR,CLIENTE_ID,NOMBRE_CLIENTE,VEHICULO_ID,NOMBRE_MODELO,NOMBRE_FABRICANTE,OPCION_ID,DESCRIPCION) values ('51018','109','Micah Dillard','8','Neve Howell','20020','LANDCRUISER','TOYOTA',null,null);
Insert into DAVG1.FACTURA_OPCIONES (ID_FACTURA,VENDEDOR_ID,NOMBRE_VENDEDOR,CLIENTE_ID,NOMBRE_CLIENTE,VEHICULO_ID,NOMBRE_MODELO,NOMBRE_FABRICANTE,OPCION_ID,DESCRIPCION) values ('51019','110','Macey Black','9','Graiden Wallace','20021','DUSTER','RENAULT','803','HERRAMIENTAS');
Insert into DAVG1.FACTURA_OPCIONES (ID_FACTURA,VENDEDOR_ID,NOMBRE_VENDEDOR,CLIENTE_ID,NOMBRE_CLIENTE,VEHICULO_ID,NOMBRE_MODELO,NOMBRE_FABRICANTE,OPCION_ID,DESCRIPCION) values ('51019','110','Macey Black','9','Graiden Wallace','20021','DUSTER','RENAULT','802','EXTINTOR');
Insert into DAVG1.FACTURA_OPCIONES (ID_FACTURA,VENDEDOR_ID,NOMBRE_VENDEDOR,CLIENTE_ID,NOMBRE_CLIENTE,VEHICULO_ID,NOMBRE_MODELO,NOMBRE_FABRICANTE,OPCION_ID,DESCRIPCION) values ('51020','104','Troy Davis','10','Rogan Jennings','20022','LANDCRUISER','CHEVROLET',null,null);
REM INSERTING into DAVG1.PRODUCTOS_BAJO_STOCK
SET DEFINE OFF;
--------------------------------------------------------
--  DDL for Index SYS_C007131
--------------------------------------------------------

  CREATE UNIQUE INDEX "DAVG1"."SYS_C007131" ON "DAVG1"."FABRICANTES" ("ID_FABRICANTE") 
  ;
--------------------------------------------------------
--  DDL for Index SYS_C007133
--------------------------------------------------------

  CREATE UNIQUE INDEX "DAVG1"."SYS_C007133" ON "DAVG1"."MODELOS" ("ID_MODELO") 
  ;
--------------------------------------------------------
--  DDL for Index SYS_C007135
--------------------------------------------------------

  CREATE UNIQUE INDEX "DAVG1"."SYS_C007135" ON "DAVG1"."OPCIONES" ("ID_OPCION") 
  ;
--------------------------------------------------------
--  DDL for Index SYS_C007137
--------------------------------------------------------

  CREATE UNIQUE INDEX "DAVG1"."SYS_C007137" ON "DAVG1"."CLIENTES" ("ID_CLIENTE") 
  ;
--------------------------------------------------------
--  DDL for Index SYS_C007139
--------------------------------------------------------

  CREATE UNIQUE INDEX "DAVG1"."SYS_C007139" ON "DAVG1"."VENDEDORES" ("ID_VENDEDOR") 
  ;
--------------------------------------------------------
--  DDL for Index SYS_C007141
--------------------------------------------------------

  CREATE UNIQUE INDEX "DAVG1"."SYS_C007141" ON "DAVG1"."VEHICULOS" ("VIN") 
  ;
--------------------------------------------------------
--  DDL for Index SYS_C007145
--------------------------------------------------------

  CREATE UNIQUE INDEX "DAVG1"."SYS_C007145" ON "DAVG1"."FACTURAS" ("ID_FACTURA") 
  ;
--------------------------------------------------------
--  DDL for Index SYS_C007150
--------------------------------------------------------

  CREATE UNIQUE INDEX "DAVG1"."SYS_C007150" ON "DAVG1"."OPCIONES_VENTAS" ("ID_OPCION_VENTA") 
  ;
--------------------------------------------------------
--  DDL for Trigger DISMINUIR_STOCK
--------------------------------------------------------

  CREATE OR REPLACE TRIGGER "DAVG1"."DISMINUIR_STOCK" AFTER INSERT ON OPCIONES_VENTAS
FOR EACH ROW
BEGIN
    UPDATE OPCIONES SET UNIDADES_DISPONIBLES = UNIDADES_DISPONIBLES - 1 WHERE ID_OPCION = :NEW.OPCION_ID;
END;
/
ALTER TRIGGER "DAVG1"."DISMINUIR_STOCK" ENABLE;
--------------------------------------------------------
--  DDL for Procedure REORDER_UNITS
--------------------------------------------------------
set define off;

  CREATE OR REPLACE PROCEDURE "DAVG1"."REORDER_UNITS" IS
BEGIN
    UPDATE OPCIONES SET UNIDADES_DISPONIBLES = UNIDADES_DISPONIBLES + 20 
    WHERE ID_OPCION IN (SELECT ID_OPCION FROM PRODUCTOS_BAJO_STOCK);
END;

/
--------------------------------------------------------
--  Constraints for Table CLIENTES
--------------------------------------------------------

  ALTER TABLE "DAVG1"."CLIENTES" ADD PRIMARY KEY ("ID_CLIENTE") ENABLE;
  ALTER TABLE "DAVG1"."CLIENTES" MODIFY ("ID_CLIENTE" NOT NULL ENABLE);
--------------------------------------------------------
--  Constraints for Table FABRICANTES
--------------------------------------------------------

  ALTER TABLE "DAVG1"."FABRICANTES" ADD PRIMARY KEY ("ID_FABRICANTE") ENABLE;
  ALTER TABLE "DAVG1"."FABRICANTES" MODIFY ("ID_FABRICANTE" NOT NULL ENABLE);
--------------------------------------------------------
--  Constraints for Table FACTURAS
--------------------------------------------------------

  ALTER TABLE "DAVG1"."FACTURAS" ADD PRIMARY KEY ("ID_FACTURA") ENABLE;
  ALTER TABLE "DAVG1"."FACTURAS" MODIFY ("ID_FACTURA" NOT NULL ENABLE);
--------------------------------------------------------
--  Constraints for Table MODELOS
--------------------------------------------------------

  ALTER TABLE "DAVG1"."MODELOS" ADD PRIMARY KEY ("ID_MODELO") ENABLE;
  ALTER TABLE "DAVG1"."MODELOS" MODIFY ("ID_MODELO" NOT NULL ENABLE);
--------------------------------------------------------
--  Constraints for Table OPCIONES
--------------------------------------------------------

  ALTER TABLE "DAVG1"."OPCIONES" ADD PRIMARY KEY ("ID_OPCION") ENABLE;
  ALTER TABLE "DAVG1"."OPCIONES" MODIFY ("ID_OPCION" NOT NULL ENABLE);
--------------------------------------------------------
--  Constraints for Table OPCIONES_VENTAS
--------------------------------------------------------

  ALTER TABLE "DAVG1"."OPCIONES_VENTAS" ADD PRIMARY KEY ("ID_OPCION_VENTA") ENABLE;
  ALTER TABLE "DAVG1"."OPCIONES_VENTAS" MODIFY ("ID_OPCION_VENTA" NOT NULL ENABLE);
--------------------------------------------------------
--  Constraints for Table VEHICULOS
--------------------------------------------------------

  ALTER TABLE "DAVG1"."VEHICULOS" ADD CONSTRAINT "CK_VEHICULOS_TYPE" CHECK (ESTADO IN ('NUEVO', 'INTERCAMBIO', 'VENDIDO')) ENABLE;
  ALTER TABLE "DAVG1"."VEHICULOS" ADD PRIMARY KEY ("VIN") ENABLE;
  ALTER TABLE "DAVG1"."VEHICULOS" MODIFY ("VIN" NOT NULL ENABLE);
--------------------------------------------------------
--  Constraints for Table VENDEDORES
--------------------------------------------------------

  ALTER TABLE "DAVG1"."VENDEDORES" ADD PRIMARY KEY ("ID_VENDEDOR") ENABLE;
  ALTER TABLE "DAVG1"."VENDEDORES" MODIFY ("ID_VENDEDOR" NOT NULL ENABLE);
--------------------------------------------------------
--  Ref Constraints for Table FACTURAS
--------------------------------------------------------

  ALTER TABLE "DAVG1"."FACTURAS" ADD CONSTRAINT "FK_CLIENTE_FACTURA" FOREIGN KEY ("CLIENTE_ID")
	  REFERENCES "DAVG1"."CLIENTES" ("ID_CLIENTE") ENABLE;
  ALTER TABLE "DAVG1"."FACTURAS" ADD CONSTRAINT "FK_VEHICULO_FACTURA" FOREIGN KEY ("VEHICULO_ID")
	  REFERENCES "DAVG1"."VEHICULOS" ("VIN") ENABLE;
  ALTER TABLE "DAVG1"."FACTURAS" ADD CONSTRAINT "FK_VENDEDOR_FACTURA" FOREIGN KEY ("VENDEDOR_ID")
	  REFERENCES "DAVG1"."VENDEDORES" ("ID_VENDEDOR") ENABLE;
--------------------------------------------------------
--  Ref Constraints for Table OPCIONES
--------------------------------------------------------

  ALTER TABLE "DAVG1"."OPCIONES" ADD CONSTRAINT "FK_FABRICANTE_OPCIONES" FOREIGN KEY ("FABRICANTE_ID")
	  REFERENCES "DAVG1"."FABRICANTES" ("ID_FABRICANTE") ENABLE;
--------------------------------------------------------
--  Ref Constraints for Table OPCIONES_VENTAS
--------------------------------------------------------

  ALTER TABLE "DAVG1"."OPCIONES_VENTAS" ADD CONSTRAINT "FK_FACTURA_OPCIONVENTA" FOREIGN KEY ("FACTURA_ID")
	  REFERENCES "DAVG1"."FACTURAS" ("ID_FACTURA") ENABLE;
  ALTER TABLE "DAVG1"."OPCIONES_VENTAS" ADD CONSTRAINT "FK_OPCION_OPCIONVENTA" FOREIGN KEY ("OPCION_ID")
	  REFERENCES "DAVG1"."OPCIONES" ("ID_OPCION") ENABLE;
--------------------------------------------------------
--  Ref Constraints for Table VEHICULOS
--------------------------------------------------------

  ALTER TABLE "DAVG1"."VEHICULOS" ADD CONSTRAINT "FK_FABRICANTE_VEHICULO" FOREIGN KEY ("FABRICANTE_ID")
	  REFERENCES "DAVG1"."FABRICANTES" ("ID_FABRICANTE") ENABLE;
  ALTER TABLE "DAVG1"."VEHICULOS" ADD CONSTRAINT "FK_MODELO_VEHICULO" FOREIGN KEY ("MODELO_ID")
	  REFERENCES "DAVG1"."MODELOS" ("ID_MODELO") ENABLE;
